material_id,composition
hMOF-30672.cif,Cu2H7C27N9O8
hMOF-5022857.cif,Zn4H90C77(NO6)4
hMOF-1001150.cif,V4H15C36Cl7O20
hMOF-5036263.cif,ZnC6NO4
hMOF-5072797.cif,Cu2H3C22N2O8F3
hMOF-19172.cif,ZnH27C28(N5O2)2
hMOF-5014605.cif,Zn2H5C9O8
hMOF-25561.cif,ZnH8C22Br4NO4
hMOF-30963.cif,CuH21C22NO7
hMOF-5041405.cif,ZnH17C10(N3O2)2
hMOF-30730.cif,CuHC4NO4
hMOF-5022558.cif,Zn4H108C87O13
hMOF-5006505.cif,Zn4H4C20O13
hMOF-34707.cif,CuH13C13NO4
hMOF-5057198.cif,Zn2H24C46N4O29
hMOF-5047788.cif,ZnH3C21NCl7O4
hMOF-17345.cif,ZnH3C8NO4F
hMOF-5006666.cif,Zn4H28C41O13
hMOF-3000908.cif,Zn4H7C21Br9(NO4)4
hMOF-26090.cif,ZnH5C21N3O4F7
hMOF-7001325.cif,Zr6H15C60O32F21
hMOF-5064642.cif,Cu2H7C16N2O8F3
hMOF-5035399.cif,ZnH6C13N7O4
hMOF-13143.cif,Zn2H30(C3O)11
hMOF-5079770.cif,CuH32C55(NO3)2
hMOF-5030876.cif,Zn4H80C90N2O31
hMOF-5000140.cif,ZnH5C7O4
hMOF-5024551.cif,Zn4H10C40N4O13F10
hMOF-7000970.cif,Zr3H25(C17O8)2
hMOF-11684.cif,Zn4H9C36Cl7O13
hMOF-5010699.cif,Zn4H46C37O13
hMOF-3000531.cif,Zn8H94C89N8O55
hMOF-5060557.cif,CuH5C17NCl3O4
hMOF-5012778.cif,Zn4H100C86O13
hMOF-5058485.cif,Zn2H21C90N8O20F19
hMOF-5057005.cif,Zn2H62C81N4O27
hMOF-5057936.cif,Zn2H13C50Br7(NO3)4
hMOF-2545.cif,Zn4H116C98O27
hMOF-1002819.cif,VC2O5
hMOF-5072615.cif,Cu2H13C42Br9(NO4)2
hMOF-24293.cif,ZnH13C13(N3O2)2
hMOF-5057430.cif,ZnH26C35(NO3)2
hMOF-5047594.cif,Zn2H84C67(NO4)2
hMOF-5020445.cif,Zn4H84C76O13
hMOF-2074.cif,Zn4H15C36N3O13
hMOF-1000291.cif,V2H38(C13O5)3
hMOF-5055234.cif,ZnH16C32(NO3)2
hMOF-5063291.cif,CuC8NO4
hMOF-5077921.cif,CuH28C26N5O4
hMOF-5061629.cif,CuH4C14N5O4
hMOF-5071777.cif,CuH34C32NO4
hMOF-5047006.cif,Zn2H20C38N4O13
hMOF-5045604.cif,Zn2H7C18N3O8
hMOF-23197.cif,ZnH10C16(NO)4
hMOF-5031296.cif,Zn4H7C12NO13
hMOF-5081027.cif,Cu2H66C95(N2O5)4
hMOF-5070896.cif,CuH4C12(NO2)2
hMOF-13496.cif,Zn4H5C20O13F3
hMOF-6004347.cif,VH18C20(NO4)2
hMOF-5068294.cif,CuH4C7N(ClO2)2
hMOF-5036109.cif,ZnC6NO4
hMOF-6000141.cif,V(CO)5
hMOF-5014675.cif,Zn4H8C22Br6O13
hMOF-5067787.cif,CuH17C15(N3O2)2
hMOF-7002921.cif,Zr6H33C120N2Cl37O36
hMOF-5068207.cif,Cu2H13C53N21O8
hMOF-21007.cif,ZnH4C15N3O4
hMOF-15457.cif,Zn4H78C66O23
hMOF-5070406.cif,CuH11C19NO9
hMOF-21471.cif,ZnH6C19N5O4
hMOF-5075834.cif,Cu2H90C75(N5O4)2
hMOF-5076023.cif,CuH24C23N3O4
hMOF-5055174.cif,Zn2H17C70Br15(N3O8)2
hMOF-5030376.cif,Zn4H66C83N2O17
hMOF-462.cif,Zn4H15C48(ClO)13
hMOF-5004238.cif,Zn4H10C19O14
hMOF-7002194.cif,Zr3H9C35Br10(NO8)2
hMOF-5076964.cif,CuH22C27N7O9
hMOF-29578.cif,CuH10C16(NO3)3
hMOF-5025964.cif,Zn2H11C21N4O9
hMOF-25110.cif,ZnH4C10NO5
hMOF-5021897.cif,Zn4H10C32N12O13
hMOF-5072526.cif,CuH25C25NO8
hMOF-3000508.cif,Zn2H33C48(NO4)2
hMOF-5003292.cif,Zn4C16O13
hMOF-1000636.cif,V4H19C56N4Cl17O20
hMOF-17316.cif,ZnH5C13N(ClO)4
hMOF-5041278.cif,Zn2H21C46N2O8F15
hMOF-5027955.cif,Zn4H76C134N4O21
hMOF-5068544.cif,CuH28C25NO8
hMOF-5005465.cif,Zn4H13C48O13F7
hMOF-5022790.cif,Zn4H72C70N8O13
hMOF-5025020.cif,Zn4H52C68N4O13
hMOF-32355.cif,CuH6C17Br4NO4
hMOF-18598.cif,ZnH2C10N(ClO2)2
hMOF-5053489.cif,ZnH5C21Br6N5O4
hMOF-13164.cif,Zn4H13C44N4O13F11
hMOF-27766.cif,Cu2H14C22N2O13
hMOF-22601.cif,Zn2H7C26N6O8F9
hMOF-5034624.cif,Zn2H3C10N2O8F
hMOF-5040423.cif,ZnH29C31NO4
hMOF-27397.cif,Cu2H9C43N13O8
hMOF-37298.cif,Cu2H7C40Br11(NO4)2
hMOF-5072050.cif,CuH7C11NO4
hMOF-3001071.cif,Zn4H32C25(N2O11)2
hMOF-6000545.cif,VH3C9O5
hMOF-5007449.cif,Zn4H6C24N4O13
hMOF-31008.cif,CuH18C15(NO2)2
hMOF-8067.cif,Zn4H13C53N11O13
hMOF-5003600.cif,Zn4H4C28O13
hMOF-16858.cif,Zn2H17C38N2O8F7
hMOF-5073031.cif,CuH9C16NO4
hMOF-5036228.cif,ZnC8NO4
hMOF-5035997.cif,Zn2H13C55N13O8
hMOF-1004669.cif,Zr3H17C61(N3O4)4
hMOF-5041525.cif,Zn2H15C38N2O8F13
hMOF-4382.cif,Zn4H40C42O13
hMOF-5075348.cif,CuH10C19Br6NO4
hMOF-5076054.cif,CuH10C16N15O4
hMOF-22488.cif,ZnC3NO4
hMOF-5034564.cif,Zn2H21C30N11O8
hMOF-5006912.cif,Zn4H9C49N9O13
hMOF-5066577.cif,CuH16C16NO4
hMOF-5000353.cif,Zn4H6C32Br6O13
hMOF-5057195.cif,ZnH18C39N3O19
hMOF-25412.cif,ZnH20C18NO4
hMOF-5010645.cif,Zn4H24(C2O)13
hMOF-5013333.cif,Zn4H9C24N3O13
hMOF-6000790.cif,VC6O5
hMOF-5011412.cif,Zn4H36C54N28O13
hMOF-23898.cif,ZnH12C15NO4
hMOF-5018105.cif,Zn4H72C65O22
hMOF-5007219.cif,Zn4H16C25O13
hMOF-5026458.cif,Zn4H60C102N12O13
hMOF-19383.cif,Zn2H9C36N6Cl11O8
hMOF-5024494.cif,Zn4H30C40N14O13
hMOF-28324.cif,CuH6C18Br4NO4
hMOF-5031845.cif,Zn4H32C70(N2O)17
hMOF-5082939.cif,CuH26C37(NO6)2
hMOF-5052941.cif,ZnH8C20N3O4
hMOF-1749.cif,Zn4H28C41O13
hMOF-5082820.cif,Cu2H58C69N4O27
hMOF-5052971.cif,ZnH3C15(NO)4
hMOF-35649.cif,CuH24C26NO4
hMOF-7001295.cif,Zr6H40C68O55
hMOF-3624.cif,Zn4H14C25N2O13
hMOF-34534.cif,Cu2H31C40N11O8
hMOF-5063679.cif,Cu2H25C32N9O8
hMOF-5062677.cif,CuC10NO4
hMOF-5053588.cif,ZnH10C20(N2O)4
hMOF-5031013.cif,Zn4H9C63N15O13
hMOF-5064012.cif,CuHC6NO4
hMOF-7001983.cif,Zr3H10C41Br13(NO8)2
hMOF-5055821.cif,Zn2H11C66N6Cl25O16
hMOF-5002771.cif,Zn2H10C15O8
hMOF-5038201.cif,ZnC8NO4
hMOF-5020727.cif,Zn4H8C24Cl6O13
hMOF-5029237.cif,Zn4H21C66N4(Cl5O7)3
hMOF-20579.cif,ZnH7C6NO5
hMOF-5064518.cif,CuH8C16NO7
hMOF-5020033.cif,Zn4H12C36Cl10O13
hMOF-33469.cif,Cu2H45C48N17O8
hMOF-5059571.cif,CuH18C32NO4
hMOF-36325.cif,CuH2C11Br2NO4
hMOF-5069446.cif,CuH10C15N9O4
hMOF-14901.cif,Zn4H22C30N6O13
hMOF-5050795.cif,ZnH29C47NO4
hMOF-5065089.cif,Cu2H7C28N2Cl7O8
hMOF-5049131.cif,Zn2H10C20N2O13
hMOF-32881.cif,CuC3NO4
hMOF-5009078.cif,Zn4H9C24N3O13
hMOF-12328.cif,Zn8H17C68Br15O26
hMOF-36283.cif,CuH5C17Br5NO4
hMOF-5069666.cif,Cu2H7C28N2O8F9
hMOF-24148.cif,Zn2H22C36N6O19
hMOF-5026958.cif,Zn4H11C66Br19N4O21
hMOF-14669.cif,Zn4H13C58Cl19O13
hMOF-1000244.cif,VH7C9O5
hMOF-5006464.cif,Zn4C12O13
hMOF-1000419.cif,VH6(C4O3)3
hMOF-5029687.cif,Zn4H24C56N26O17
hMOF-5002516.cif,Zn4H7C51N9O13
hMOF-5065796.cif,CuHC10NO4
hMOF-29791.cif,Cu2H13C34N6O8F9
hMOF-5080588.cif,CuH24C28(NO6)2
hMOF-5017465.cif,Zn4H7C22Br3O13
hMOF-13612.cif,Zn4H16C50N6O13
hMOF-5032169.cif,Zn4H38C61N2O17
hMOF-6002535.cif,VH8C10N9O5
hMOF-5019113.cif,Zn4H30C44O21
hMOF-8132.cif,Zn4H24C28O15
hMOF-5054328.cif,ZnH40C39N2O11
hMOF-12556.cif,Zn4H9C32O13F7
hMOF-5077180.cif,Cu2H11C44N6O8F13
hMOF-5027702.cif,Zn4H36C68N46O17
hMOF-5043106.cif,ZnH14C21(N7O2)2
hMOF-5067835.cif,CuH3C9Br3NO4
hMOF-16467.cif,Zn4H15C52Cl11O13
hMOF-5058648.cif,Zn2H21C110N8O20F27
hMOF-5112.cif,Zn4H4C28Cl6O13
hMOF-21727.cif,Zn2H7C26N2O8F5
hMOF-5037690.cif,Zn2H5C35N9O8
hMOF-11583.cif,Zn4H68C74O13
hMOF-5083000.cif,CuH47C83N3O8
hMOF-27239.cif,Zn2H26C52N2O21
hMOF-5010133.cif,Zn4H10C22Cl10O13
hMOF-5061269.cif,CuC6NO4
hMOF-5057129.cif,ZnH10C38Br7N3O8
hMOF-31093.cif,CuH4C4(NO2)2
hMOF-5077142.cif,CuH6C22N3(Cl3O2)2
hMOF-5055518.cif,ZnH9C20N5O6
hMOF-1000116.cif,VH5C12O5F2
hMOF-21986.cif,Zn2H20C30N6O19
hMOF-5050260.cif,ZnH6C18Br4NO4
hMOF-1797.cif,Zn4H32C40O21
hMOF-20426.cif,ZnH4C14N3O4F5
hMOF-5060290.cif,CuC7NO4
hMOF-5075744.cif,CuH26C41N3O4
hMOF-5010964.cif,Zn4H42C36O13
hMOF-2000245.cif,Zn6H98(C59O8)3
hMOF-5082024.cif,Cu2H98C135N8O45
hMOF-5039499.cif,Zn2H9C12N5O8
hMOF-5015803.cif,Zn4H3C26O13F7
hMOF-5060324.cif,CuC7NO4
hMOF-18628.cif,ZnH12C14NO4
hMOF-5054267.cif,ZnH32C35(NO3)2
hMOF-7003314.cif,Zr3H47C56(N7O6)3
hMOF-5052006.cif,ZnH26C21N3O7
hMOF-5044061.cif,ZnH6C13NO5
hMOF-33102.cif,CuH5C13N3Cl3O4
hMOF-5047056.cif,ZnH2C4NO4F
hMOF-6002588.cif,VH10(C3O)5
hMOF-5041311.cif,Zn2H36C46N2O27
hMOF-35511.cif,Cu2H32C52N2O21
hMOF-5062123.cif,Cu2H3C18N2O8F
hMOF-5068926.cif,CuH6C11(N3O2)2
hMOF-5026342.cif,Zn4H12C48N12O13F12
hMOF-5064046.cif,Cu2HC13N3O8
hMOF-5052589.cif,ZnH6C29N11O4
hMOF-7003101.cif,Zr3H14C51NCl13O18
hMOF-1321.cif,Zn4H5C28Cl7O13
hMOF-5082030.cif,CuH84C85(NO5)4
hMOF-5074624.cif,CuH13C20NO4
hMOF-5000512.cif,Zn4H54C47O20
hMOF-5040464.cif,ZnHC8NO4
hMOF-5027684.cif,Zn4H19C93(NO)21
hMOF-5032437.cif,Zn4H13C54N2Cl7O17
hMOF-5020408.cif,Zn4H15C48(BrO)13
hMOF-5075886.cif,CuH8C26N3(OF2)4
hMOF-28477.cif,CuH14C24NO10
hMOF-5061638.cif,CuH8C18NO4
hMOF-5078579.cif,CuH16C23N2O9
hMOF-1760.cif,Zn4H52C50O13
hMOF-6000560.cif,VH3C9O5
hMOF-5076951.cif,CuH12C22N7O10
hMOF-5083424.cif,Cu2H90C131N8O41
hMOF-5057670.cif,ZnH8C23(NO3)2
hMOF-5067484.cif,CuH10C13N(Cl2O)4
hMOF-5011355.cif,Zn4H70C71O13
hMOF-28584.cif,CuH2C8NO4
hMOF-5048150.cif,ZnH20C23NO4
hMOF-5034622.cif,Zn2H3C10N2O8F
hMOF-5011336.cif,Zn4H16C54Br20O13
hMOF-5067193.cif,CuH10C11NO4
hMOF-5059248.cif,CuC6NO4
hMOF-5027582.cif,Zn4H28C56(N2O9)3
hMOF-5015862.cif,Zn4H24C33O13
hMOF-31961.cif,CuH7C15Br3NO4
hMOF-5027906.cif,Zn4H10C40N2O17F10
hMOF-5057130.cif,Zn2H11C42Br9(NO3)4
hMOF-26140.cif,ZnH17C21(N2O)4
hMOF-5025618.cif,Zn4H48C50N4O19
hMOF-5002717.cif,Zn4H11C24N3O13
hMOF-5010282.cif,Zn4H13C34Br11O13
hMOF-30826.cif,Cu2H5C24Br5(NO4)2
hMOF-32233.cif,CuH4C13N(O2F)2
hMOF-5015865.cif,Zn4H20C31O13
hMOF-16852.cif,Zn2H9C38N2O8F15
hMOF-5039750.cif,Zn2H13C16N5O8
hMOF-3349.cif,Zn4H42C51(NO11)2
hMOF-7000966.cif,Zr3H22(C10O9)3
hMOF-5001437.cif,Zn4H3C15NO13
hMOF-15476.cif,Zn4H16C48Cl10O13
hMOF-5069647.cif,CuH3C7N3O4
hMOF-5012638.cif,Zn4H28C46N30O13
hMOF-21901.cif,Zn2H9C45N13O8
hMOF-5064476.cif,Cu2H11C39N13O8
hMOF-21588.cif,ZnH8C11NO7
hMOF-5024906.cif,Zn4H96C88N4O13
hMOF-5017492.cif,Zn4H40C37O13
hMOF-7002378.cif,Zr6H61C80N19O36
hMOF-5050551.cif,ZnH6C27(N3O)4
hMOF-5072660.cif,CuH5C23N(O2F3)2
hMOF-32327.cif,CuH10C17NO4
hMOF-3108.cif,Zn4H58(C13O6)5
hMOF-1438.cif,Zn4H12C36O13
hMOF-5010226.cif,Zn4H7C14Br5O13
hMOF-18375.cif,ZnH8C20N(ClO)4
hMOF-5051353.cif,ZnH13C16(N5O2)2
hMOF-23488.cif,Zn2H9C20N2Cl5O8
hMOF-1000882.cif,VH25C21O5
hMOF-5081807.cif,Cu2H13C46Br11(NO3)4
hMOF-28657.cif,CuH6C10NO5
hMOF-5070227.cif,CuH9C13N11O4
hMOF-5060205.cif,CuC7NO4
hMOF-5020215.cif,Zn4H24C44O13
hMOF-1004319.cif,Zr3H15C43Br12(NO8)2
hMOF-5076140.cif,Cu2H8C20N6O11
hMOF-5036505.cif,Zn2H42C47N2O13
hMOF-5060599.cif,Cu2H34C43N2O11
hMOF-5034735.cif,ZnH2C5NO4
hMOF-25763.cif,ZnH6C37N11O4
hMOF-5036162.cif,ZnC6NO4
hMOF-5052026.cif,Zn2H11C34N10O8F9
hMOF-5005897.cif,Zn4H38C38O13
hMOF-5034126.cif,ZnC5NO4
hMOF-5053911.cif,Zn2H15C52N4O12F13
hMOF-30264.cif,Cu2H33C38N17O8
hMOF-5034647.cif,Zn2H3C10Br(NO4)2
hMOF-1001475.cif,V2H5C12O10F3
hMOF-5036178.cif,ZnC4NO4
hMOF-7001669.cif,Zr3H25(C11O7)3
hMOF-5045954.cif,ZnH3C13N3O4
hMOF-5081037.cif,CuH56C59(N2O5)2
hMOF-5060009.cif,Cu2H5C14N2O8F3
hMOF-5009852.cif,Zn4H17C38N4Cl11O13
hMOF-5017394.cif,Zn4H56C67O13
hMOF-5069938.cif,CuH35C29N3O8
hMOF-5050040.cif,Zn2H48C59N2O19
hMOF-14621.cif,Zn4H34C46N14O13
hMOF-19640.cif,ZnH6C19Br6(NO)4
hMOF-33970.cif,CuH4C10NO4F3
hMOF-5075475.cif,CuH7C16Br4NO4
hMOF-5066274.cif,CuH14C17NO4
hMOF-5022796.cif,Zn4H102C83N4O13
hMOF-5048828.cif,ZnH17C18NO4
hMOF-5050041.cif,ZnH33C34NO9
hMOF-6004820.cif,V2H9C32N4O10F9
hMOF-22510.cif,ZnH8C13NO4
hMOF-5022426.cif,Zn4H32C44N10O13
hMOF-5029724.cif,Zn4H20C72N4(Cl2O3)7
hMOF-6001827.cif,VH4C9O5
hMOF-4721.cif,Zn4H10C32Cl8O13
hMOF-5077213.cif,Cu2H24C44N6O19
hMOF-5028538.cif,Zn4H11C64N2(OF)17
hMOF-5002786.cif,Zn4H4C24N2O13
hMOF-5081403.cif,CuH16C38N3O17
hMOF-5030575.cif,Zn4H40C78N48O17
hMOF-5013827.cif,Zn4H16C50Cl14O13
hMOF-5025813.cif,Zn4H92C74N4O13
hMOF-3850.cif,Zn4H34C47(NO11)2
hMOF-5031975.cif,Zn4H62C89N2O17
hMOF-5008003.cif,Zn4H22C36O17
hMOF-5005146.cif,Zn4H25C40N9O13
hMOF-5024345.cif,Zn4H14C20N10O13
hMOF-20556.cif,ZnH3C4NO5
hMOF-12890.cif,Zn4C12O13
hMOF-5037911.cif,Zn2H46C51(NO4)2
hMOF-5042386.cif,ZnH22C18NO4
hMOF-5062156.cif,CuH6C9NO4
hMOF-5016853.cif,Zn4H11C38Cl3O13
hMOF-23855.cif,Zn2H36C56N2O23
hMOF-4021.cif,Zn4H13C57(NO)13
hMOF-5023355.cif,Zn4H40C52N4O13
hMOF-8936.cif,Zn4H12C46N8O13
hMOF-5029095.cif,Zn4H9C44N2Cl7O17
hMOF-3038.cif,Zn4H38C48N14O13
hMOF-22871.cif,Zn2H9C34N2O8F11
hMOF-5060052.cif,CuH10C10NO4
hMOF-5039132.cif,ZnH16C18NO6
hMOF-8563.cif,Zn4H8C12O13
hMOF-5072422.cif,CuH12C17(NO)4
hMOF-18293.cif,ZnH5C14Br3NO4
hMOF-15822.cif,Zn4H12C64N12O13
hMOF-16074.cif,Zn4H74C80O13
hMOF-31135.cif,CuH6C8NO4
hMOF-5066974.cif,CuH12C15(N5O2)2
hMOF-5082019.cif,CuH50C68N4O23
hMOF-5028216.cif,Zn4H24C52N2O31
hMOF-5019404.cif,Zn4H12C34Cl6O13
hMOF-13750.cif,Zn4H13C48O13F11
hMOF-3993.cif,Zn4H24C46N2O27
hMOF-5000195.cif,Zn4H10C34Cl6O13
hMOF-5022641.cif,Zn4H38C43N4O13
hMOF-28777.cif,Cu2H12C32N2O13
hMOF-6003508.cif,VH4C15Cl3O5
hMOF-5017715.cif,Zn4H50C44O13
hMOF-23690.cif,ZnH13C16N5O4
hMOF-7002507.cif,Zr3H46C49(N10O9)2
hMOF-19448.cif,ZnH12C17(N3O2)2
hMOF-5015583.cif,Zn4H2C26O13F4
hMOF-5080387.cif,CuH8C20(N3O2)3
hMOF-8534.cif,Zn4H3C10O13F
hMOF-5004475.cif,Zn4H4C20Cl4O13
hMOF-7000280.cif,Zr6H9C59N11O32
hMOF-5013280.cif,Zn4H11C30Br5O13
hMOF-5011943.cif,Zn4H15C42Br13N4O13
hMOF-5027954.cif,Zn4H88C162N6O25
hMOF-5010060.cif,Zn4H8C22Br12O13
hMOF-5002553.cif,Zn4H11C46Cl9O13
hMOF-5013707.cif,Zn4H9C38(OF)13
hMOF-5007971.cif,Zn4H20C32N6O13
hMOF-5046828.cif,ZnH39C35NO4
hMOF-21659.cif,ZnH2C5NO4
hMOF-5040457.cif,ZnHC8NO4
hMOF-5023784.cif,Zn4H35C44N19O13
hMOF-1002145.cif,VC2O5
hMOF-5018361.cif,Zn4H62C70O13
hMOF-17813.cif,ZnH6C24N(OF2)4
hMOF-3000620.cif,Zn8H23C83N33O32
hMOF-5040934.cif,ZnH3C10NO4
hMOF-5026377.cif,Zn4H11C48Br13N12O13
hMOF-6002056.cif,V2H34C31O10
hMOF-5075769.cif,CuH8C14N13O4
hMOF-5016717.cif,Zn4H3C22Br3O13
hMOF-1001407.cif,VH5(CO)8
hMOF-5068515.cif,CuH28C25NO4
hMOF-5024355.cif,Zn4H18C32N4O21
hMOF-5005030.cif,Zn4H24C37O13
hMOF-3000575.cif,Zn4H13C29N4Cl11O16
hMOF-5031323.cif,Zn2H24C30NO12
hMOF-5047636.cif,ZnH7C21N(OF)4
hMOF-5005033.cif,Zn4H19C32N7O13
hMOF-5080070.cif,CuH12C29N13O8
hMOF-5076384.cif,Cu2H9C44Br15(N3O4)2
hMOF-5050527.cif,ZnH11C16N(Cl3O2)2
hMOF-5054923.cif,ZnH12C24(NO3)2
hMOF-32323.cif,Cu2H42C41N2O13
hMOF-5046959.cif,ZnH7C19Br4N3O4
hMOF-5054588.cif,Zn2H5C8N2O8F
hMOF-5008233.cif,Zn4H18C44O13
hMOF-5010283.cif,Zn4H13C34Br11O13
hMOF-3967.cif,Zn4H96C82N2O13
hMOF-7002465.cif,Zr3H17C51N(O3F2)6
hMOF-5057420.cif,Zn2H15C58N4Cl13O12
hMOF-5009577.cif,Zn4H12(C6O5)3
hMOF-5043301.cif,Zn2H11C22N2Cl9O8
hMOF-6002910.cif,V2H3C14(O2F)5
hMOF-5031670.cif,Zn4H112C104N2O17
hMOF-5054687.cif,ZnH22C24(NO6)2
hMOF-5063336.cif,CuC8NO4
hMOF-32310.cif,CuH2C17N5O4
hMOF-5050491.cif,Zn2H24C33N2O13
hMOF-5035980.cif,ZnH15C22(NO)4
hMOF-5038356.cif,ZnC8NO4
hMOF-5048653.cif,ZnH33C27NO8
hMOF-13965.cif,Zn4H24C46O21
hMOF-5077638.cif,CuH14C29N3O4
hMOF-5042042.cif,ZnH9C17NO4F7
hMOF-5046018.cif,ZnH9C13NO9
hMOF-10775.cif,Zn4H11C55N11O13
hMOF-5040052.cif,Zn2H9C28Br5(NO4)2
hMOF-5038671.cif,Zn2H13C44N2Cl13O8
hMOF-31585.cif,Cu2H13C34Br7(NO4)2
hMOF-5068340.cif,Cu2H13C22N2O8F7
hMOF-5044864.cif,Zn2H11C49N13O8
hMOF-5038016.cif,ZnH7C15(NO)4
hMOF-5079149.cif,CuH11C33N4Cl5O8
hMOF-7003000.cif,Zr3H31C56(N16O9)2
hMOF-5000131.cif,Zn4H10C23O16
hMOF-5041272.cif,ZnH14C17(N9O2)2
hMOF-5021561.cif,Zn4H56C69O13
hMOF-5075210.cif,Cu2H3C28N2Cl11O8
hMOF-6886.cif,Zn4H28(C2O)23
hMOF-5004206.cif,Zn4H4C16O13
hMOF-5038866.cif,ZnHC6NO4
hMOF-5056480.cif,Zn2H13C50Br11(NO3)4
hMOF-13469.cif,Zn4H16C28O19
hMOF-36070.cif,CuH4C10N(O2F)2
hMOF-7002837.cif,Zr6H31C129N37O36
hMOF-1000900.cif,VH10(C2O)5
hMOF-31189.cif,CuH6C8NO6
hMOF-14926.cif,Zn4H8C38N8O13
hMOF-5033710.cif,Zn2H22C25N2O11
hMOF-5074813.cif,Cu2H19C44Br7(NO4)2
hMOF-5013193.cif,Zn4H6C36N6O13
hMOF-5072418.cif,Cu2H84C69(NO4)2
hMOF-5032791.cif,Zn4H28C58N30O17
hMOF-16262.cif,Zn4H7C43N11O13
hMOF-5012416.cif,Zn4H12C38Br12O13
hMOF-5005655.cif,Zn4C22O13
hMOF-5080377.cif,Cu2H52C58N4O21
hMOF-5018013.cif,Zn4H18C38O13
hMOF-6619.cif,Zn4H24(C8O5)3
hMOF-5075019.cif,Cu2H11C43N11O8
hMOF-5077229.cif,CuH5C24N3O4F7
hMOF-37305.cif,CuH17C24NO4
hMOF-149.cif,Zn4H7C30Br9O13
hMOF-5179.cif,Zn2H5(C7O5)2
hMOF-6001581.cif,VH3(C2O)5
hMOF-5007624.cif,Zn4H7C23N3O13
hMOF-5063739.cif,Cu2H17C44N2O8F9
hMOF-5033965.cif,Zn2H5C29N9O8
hMOF-6002442.cif,VH18C28O5
hMOF-5040722.cif,Zn2HC20Br(NO4)2
hMOF-6002366.cif,VH12C17O5
hMOF-5052854.cif,ZnH2C14N3(ClO2)2
hMOF-5052811.cif,ZnH4C12N5O4
hMOF-5035580.cif,ZnH14C22NO7
hMOF-5069977.cif,CuH19C14NO4
hMOF-5061325.cif,CuC6NO4
hMOF-25697.cif,ZnH9C27NO4F7
hMOF-10135.cif,Zn4H18(C12O7)3
hMOF-5051450.cif,Zn2H7C36N6Cl9O8
hMOF-5006718.cif,Zn4H3C39N7O13
hMOF-5065766.cif,Cu2HC20N2O8F
hMOF-5039413.cif,ZnH9C16(N7O2)2
hMOF-5008948.cif,Zn4H2C24O13
hMOF-5018188.cif,Zn4H14C54N8O13
hMOF-26710.cif,Zn2H17C56N2Cl17O8
hMOF-29930.cif,Cu2H26C27N4O11
hMOF-5037215.cif,Zn2H10C17(NO4)2
hMOF-8354.cif,Zn4H3C31N5O13
hMOF-5076768.cif,Cu2H9C24N6O8F7
hMOF-28186.cif,Cu2H7C25N7O8
hMOF-5925.cif,Zn4H12C18O13
hMOF-6858.cif,Zn4H14C46Br14O13
hMOF-5002277.cif,Zn4H10C38Cl6O13
hMOF-35159.cif,CuH12C20N3O4
hMOF-5069749.cif,Cu2H56C51N2O15
hMOF-22744.cif,ZnH16C11NO7
hMOF-5052245.cif,ZnH12C22N19O4
hMOF-7000326.cif,Zr6H27C101N19O32
hMOF-5060100.cif,CuH2C9N3O4
hMOF-6001620.cif,VH2C11NO5F3
hMOF-6000811.cif,VC6O5
hMOF-25484.cif,ZnH7C18NO4F3
hMOF-3008.cif,Zn4H52C62O13
hMOF-5041583.cif,Zn2H19C47N11O8
hMOF-5000065.cif,Zn4H8C22O13
hMOF-5016548.cif,Zn2H15C27O14
hMOF-5072085.cif,CuH13C14NO4
hMOF-11226.cif,Zn4H9C36O13F9
hMOF-19980.cif,ZnH7C14N(O2F)2
hMOF-5007072.cif,Zn4H9C57N21O13
hMOF-5009080.cif,Zn4H9C24N3O13
hMOF-5015128.cif,Zn4H66C64O13
hMOF-5022928.cif,Zn4H17C56Br15N4O13
hMOF-5079236.cif,CuH14C26(N5O2)3
hMOF-34839.cif,CuH13C16N5O4
hMOF-5024769.cif,Zn4H64C68N4O13
hMOF-5062450.cif,CuC10NO4
hMOF-5002151.cif,Zn4H3C24O13F3
hMOF-960.cif,Zn4H5C20O13F3
hMOF-29410.cif,CuH6C22N(O2F3)2
hMOF-5026508.cif,Zn4H80C76(N4O9)3
hMOF-31176.cif,Cu2H30C27(NO4)2
hMOF-5030634.cif,Zn4H86C110N4O45
hMOF-5054399.cif,ZnH40C41(NO3)2
hMOF-8448.cif,Zn4H12C30Br4N4O13
hMOF-5006491.cif,Zn2HC8O7
hMOF-1004285.cif,Zr6H124(C43O21)3
hMOF-2292.cif,Zn4H13C44O13F11
hMOF-5046138.cif,ZnH17C17NO6
hMOF-5049380.cif,Zn2H58C59N2O23
hMOF-5003439.cif,Zn4H8C32O13
hMOF-5010469.cif,Zn4H14C42O13F14
hMOF-5072485.cif,Cu2H11C34N2Cl7O8
hMOF-5064379.cif,Cu2H48C51N2O13
hMOF-20417.cif,Zn2H32C39N2O15
hMOF-5009497.cif,Zn4H14C40N10O13
hMOF-1979.cif,Zn4H8C36O13F4
hMOF-5062339.cif,CuH16C14NO4
hMOF-5061709.cif,CuH26C27NO4
hMOF-5037261.cif,ZnH4C8NO6
hMOF-5064514.cif,CuH32C28NO4
hMOF-5077484.cif,Cu2H5C27N9O8
hMOF-8630.cif,Zn4H3C14O13F5
hMOF-5075771.cif,CuH8C14N9O4
hMOF-4491.cif,Zn4H12C60Br24O13
hMOF-3001879.cif,Cu2H13C15(NO4)2
hMOF-5044810.cif,Zn2H13C38N2Cl9O8
hMOF-26474.cif,ZnH7C22(NO)4
hMOF-2261.cif,Zn4H40C44O19
hMOF-5029924.cif,Zn4H44C60N26O17
hMOF-5069704.cif,CuH15C19NO4
hMOF-1003347.cif,Zr6H104(C37O19)3
hMOF-5029351.cif,Zn4H25C56Br11N2O17
hMOF-8260.cif,Zn4C10O13
hMOF-5049421.cif,Zn2H13C40N6Cl13O8
hMOF-36852.cif,Cu2H11C50Br13(NO4)2
hMOF-7002046.cif,Zr3H21C33(NO8)2
hMOF-5028722.cif,Zn4H14C96(N8O7)3
hMOF-5079405.cif,CuH10C18N2O9
hMOF-6000204.cif,V(CO)5
hMOF-5082080.cif,Cu2H82C85N4O21
hMOF-5075934.cif,Cu2H70C71(N3O4)2
hMOF-23227.cif,Zn2H24C37N2O13
hMOF-5037334.cif,ZnC10NO4
hMOF-5059386.cif,Cu2H3C26Br5(NO4)2
hMOF-13361.cif,Zn4H9C28Br7O13
hMOF-5057706.cif,ZnH14C26(NO3)2
hMOF-5017576.cif,Zn4H7C42Cl11O13
hMOF-28667.cif,CuH6C16NO4
hMOF-5061409.cif,CuC6NO4
hMOF-5028062.cif,Zn4H88C77N2O17
hMOF-5065302.cif,CuH9C18NO4
hMOF-11051.cif,Zn4H28C31O20
hMOF-5013054.cif,Zn4H6C30O13F6
hMOF-23059.cif,ZnH2C8NO4F
hMOF-5030293.cif,Zn4H64C114N2O17
hMOF-5038245.cif,ZnC9NO4
hMOF-5062680.cif,CuC10NO4
hMOF-7000774.cif,Zr3H25C32O27
hMOF-5077937.cif,CuH9C23(N5O2)2
hMOF-5013811.cif,Zn4H30C50O13
hMOF-5003974.cif,Zn4H8C44N12O13
hMOF-35964.cif,Cu2H35C44N13O8
hMOF-5022627.cif,Zn4H9C40Br11N8O13
hMOF-1227.cif,Zn4H12C24O13
hMOF-5051570.cif,ZnH20C24(NO2)3
hMOF-705.cif,Zn4H46C44O13
hMOF-5020665.cif,Zn4H26C44(N2O)13
hMOF-5025446.cif,Zn4H16C40N22O13
hMOF-6004760.cif,VH16C20N4O5
hMOF-5022034.cif,Zn2H49C41O15
hMOF-5022122.cif,Zn4H34C36N36O13
hMOF-5023374.cif,Zn4H58C61N4O13
hMOF-5064469.cif,Cu2H12C26N4O11
hMOF-5075349.cif,CuH10C19Br6NO4
hMOF-27666.cif,Cu2H19C56Br17(NO4)2
hMOF-7122.cif,Zn4H16(C4O3)5
hMOF-1002252.cif,V2H16C23O11
hMOF-5002742.cif,ZnH2(C3O2)2
hMOF-6003579.cif,VH9C13O5
hMOF-5066228.cif,Cu2H17C24N2O8F11
hMOF-5068582.cif,Cu2H54C49(NO4)2
hMOF-5748.cif,Zn4H13C32O13F7
hMOF-10004.cif,Zn4H34C44O13
hMOF-32719.cif,Cu2H3C23N11O8
hMOF-12467.cif,Zn4H12C44Br10O13
hMOF-5044811.cif,Zn2H13C38N2Cl9O8
hMOF-5075003.cif,Cu2H31C34N13O8
hMOF-5004088.cif,Zn4H3C16O13F
hMOF-5020554.cif,Zn4H13C44N4(ClO)13
hMOF-5072761.cif,CuH8C25NCl5O4
hMOF-5045029.cif,ZnH5C7NO6
hMOF-5030374.cif,Zn4H23C90Br17N4O21
hMOF-5018187.cif,Zn4H11C53N9O13
hMOF-5060816.cif,CuH2C10Br2NO4
hMOF-7000725.cif,Zr3H32C36NO16
hMOF-5065846.cif,CuH6C12NO4
hMOF-5061737.cif,CuH4C14NO5
hMOF-7003325.cif,Zr6H128C145N10O69
hMOF-5068906.cif,CuH3C14(NO)4
hMOF-5048520.cif,Zn2H15C38N2Cl9O8
hMOF-1965.cif,Zn4H12C36O13
hMOF-5022868.cif,Zn4H24C44N20O13
hMOF-5017859.cif,Zn4H18C42O23
hMOF-5074815.cif,CuH8C22Br6NO4
hMOF-5019888.cif,Zn4H32(C4O)13
hMOF-5037232.cif,Zn2H22C27(NO4)2
hMOF-1002369.cif,V2H27C28(NO)10
hMOF-5015603.cif,Zn4H3C28Cl9O13
hMOF-5077209.cif,Cu2H37C44N19O8
hMOF-5058137.cif,ZnH6C27N2(Cl4O3)2
hMOF-5073853.cif,Cu2H19C67N17O8
hMOF-5047357.cif,ZnH5C19Br4NO4
hMOF-13212.cif,Zn4H41C44N21O13
hMOF-6003811.cif,VH14C16O5
hMOF-5025007.cif,Zn4H13C56Br15N4O13
hMOF-36635.cif,Cu2H102C81(N3O4)2
hMOF-5054105.cif,Zn2H39C44N19O12
hMOF-8247.cif,Zn4C10O13
hMOF-5067627.cif,Cu2H45C38N19O8
hMOF-31313.cif,Cu2H13C57N17O8
hMOF-5050609.cif,Zn2H49C40N17O8
hMOF-3424.cif,Zn4H16C54Br16N2O13
hMOF-5013921.cif,Zn4H11C30Br7O13
hMOF-1004622.cif,Zr6H23C66Br19O32
hMOF-36483.cif,CuH32C31NO10
hMOF-2459.cif,Zn4H54(C5O)13
hMOF-10495.cif,Zn4H4C28Br8O13
hMOF-5037231.cif,Zn2H22C27(NO4)2
hMOF-5043850.cif,ZnH7C15NCl5O4
hMOF-3001058.cif,Zn8H9C33N15O32
hMOF-5049363.cif,ZnH27C43NO4
hMOF-5005484.cif,Zn4H11C48Br9O13
hMOF-5003014.cif,Zn4H18(C3O)13
hMOF-11467.cif,Zn4H40C44O19
hMOF-11833.cif,Zn4H7C49N9O13
hMOF-5063335.cif,CuC8NO4
hMOF-31384.cif,CuHC5NClO4
hMOF-1002530.cif,VH4C14Cl3O5
hMOF-2464.cif,Zn4H54C67O13
hMOF-36099.cif,Cu2H46C45(NO4)2
hMOF-7001420.cif,Zr3H18C32N17O16
hMOF-5068307.cif,CuH16C11N7O4
hMOF-28442.cif,Cu2H54C61(NO4)2
hMOF-5056639.cif,Zn2H21C74Br19(NO3)4
hMOF-36578.cif,Cu2H68C68N2O19
hMOF-34572.cif,Cu2H9C36N6O8F13
hMOF-26314.cif,ZnH8C13NO8
hMOF-5015723.cif,Zn4H4C28N2O13
hMOF-5007451.cif,Zn4H4C26N6O13
hMOF-5021768.cif,Zn4H10C40Cl10O13
hMOF-5002728.cif,Zn4C24O13
hMOF-5053525.cif,Zn2H110C85(N3O4)2
hMOF-5019864.cif,Zn4H13C57(NO)13
hMOF-5031655.cif,Zn4H19C62Br9N2O17
hMOF-5045896.cif,ZnH4C11BrNO4
hMOF-5047717.cif,Zn2H13C40N2Cl7O8
hMOF-16667.cif,Zn4H12C60Br18O13
hMOF-5077323.cif,Cu2H13C48N10O8F13
hMOF-5077792.cif,CuH31C29N5O4
hMOF-5046903.cif,ZnH11C21N13O4
hMOF-5027738.cif,Zn4H36C46N2O17
hMOF-5050792.cif,Zn2H33C40N13O8
hMOF-5028891.cif,Zn4H12C44N2O17
hMOF-5074227.cif,CuH15C22NO11
hMOF-5038990.cif,ZnH5C14NO4
hMOF-5063259.cif,CuC8NO4
hMOF-31777.cif,CuH3C8N3O4
hMOF-5076121.cif,CuH11C16(N2O)4
hMOF-5031815.cif,Zn4H60C92(N8O7)3
hMOF-2000854.cif,Cu6H19C96Cl17O24
hMOF-5037753.cif,ZnH10C16NO4
hMOF-5077116.cif,Cu2H11C45N15O8
hMOF-5023057.cif,Zn4H13C42N8Cl9O13
hMOF-5053991.cif,ZnH10C32N2(O3F4)2
hMOF-5015724.cif,Zn4H4C28N2O13
hMOF-5059670.cif,CuH18C20N3O4
hMOF-5045496.cif,Zn2H15C49N9O8
hMOF-5017268.cif,Zn4H11C42Br11N4O13
hMOF-14090.cif,Zn4H16C68N12O13
hMOF-5011827.cif,Zn4H44C46N16O13
hMOF-20821.cif,ZnH2C5NO4
hMOF-5080440.cif,CuH18C31(N7O4)2
hMOF-5076694.cif,CuH4C12N3(OF)4
hMOF-3001571.cif,Cu4H10C33Br14(NO4)4
hMOF-5020227.cif,Zn4H9C40O13F9
hMOF-5016282.cif,Zn4H54C50O23
hMOF-5034063.cif,ZnC7NO4
hMOF-36881.cif,Cu2H24C50N2O19
hMOF-5080177.cif,Cu2H39C60N21O16
hMOF-5042064.cif,ZnH20C29NO4
hMOF-5070465.cif,CuH4C28(N2O)4
hMOF-5070943.cif,Cu2H13C26Br11(NO4)2
hMOF-5030914.cif,Zn4H23C92N4O21F17
hMOF-28597.cif,CuH4C9NO4
hMOF-30632.cif,CuH7C10NO4
hMOF-5079892.cif,CuH9C32N2O6F7
hMOF-5046770.cif,ZnH11C21NO4
hMOF-5062022.cif,CuH3C6(NO2)2
hMOF-5043942.cif,ZnH6C11(N3O2)2
hMOF-5080121.cif,CuH3C20Br3(NO3)2
hMOF-5039908.cif,Zn2H9C20N5O8
hMOF-5055008.cif,ZnH7C24Br5(NO3)2
hMOF-5001652.cif,Zn4H4C18O13
hMOF-19862.cif,Zn2H20C40N2O19
hMOF-5045972.cif,ZnH13C15NO6
hMOF-11998.cif,Zn4H50C57N4O13
hMOF-5081558.cif,CuH8C33Br8(NO3)2
hMOF-26125.cif,ZnH24C27N3O4
hMOF-5014507.cif,Zn4H17C50(ClO)13
hMOF-16663.cif,Zn4H13C60Br17O13
hMOF-5008328.cif,Zn4H10C52N8O13
hMOF-24789.cif,ZnH8C12NO9
hMOF-5080026.cif,Cu2H12C36N4O19
hMOF-5026878.cif,Zn2H18C38N2O19
hMOF-5016664.cif,Zn4H58C54O23
hMOF-5048505.cif,Zn2H19C38N2O8F11
hMOF-35854.cif,Cu2H9C8N5O8
hMOF-19942.cif,ZnH23C17NO4
hMOF-30440.cif,CuH30C30NO9
hMOF-3000856.cif,Zn4H8C33(N3O4)4
hMOF-5056368.cif,ZnH7C40Br11(N2O5)2
hMOF-5657.cif,Zn4H42C37O18
hMOF-1002741.cif,V2H17C22(NO2)5
hMOF-5080625.cif,Cu2H17C66N6Cl13O16
hMOF-11658.cif,Zn4H52C84O13
hMOF-5072859.cif,CuH14C19NO4
hMOF-5056643.cif,ZnH40C47(NO3)2
hMOF-5036828.cif,ZnH6C16NO4
hMOF-22459.cif,ZnC3NO4
hMOF-3001454.cif,Cu8H23C66N8O32F25
hMOF-5054823.cif,Zn2H15C80Br21(N2O5)4
hMOF-5014420.cif,Zn4H8C38Br14N4O13
hMOF-5000612.cif,Zn4C14O13
hMOF-5025303.cif,Zn4H14C35N4O13
hMOF-5016359.cif,Zn4H44C53O13
hMOF-5013909.cif,Zn4H9C30O13F9
hMOF-5020112.cif,Zn4H4C24Cl6O13
hMOF-5010999.cif,Zn2H8C13O12
hMOF-5006403.cif,Zn4H2C16O13
hMOF-5058902.cif,CuH3C11NClO4
hMOF-5050444.cif,Zn2H56C49(NO4)2
hMOF-1004592.cif,Zr6H23C90N4Cl33O32
hMOF-5060422.cif,CuH9C13(NO)4
hMOF-5022349.cif,Zn4H11C44O13F11
hMOF-37014.cif,Cu2H13C46N2Cl11O8
hMOF-5035114.cif,ZnC7NO4
hMOF-5052773.cif,ZnH8C17N5O7
hMOF-13274.cif,Zn4H5C24O13F7
hMOF-5077423.cif,Cu2H34C43(N5O4)2
hMOF-1003326.cif,Zr3H16C28O23
hMOF-29549.cif,CuH3C13Br5(NO2)2
hMOF-5038135.cif,ZnC9NO4
hMOF-5021666.cif,Zn4H56C56O13
hMOF-8488.cif,Zn4H28C36N4O19
hMOF-5035386.cif,ZnH2C11(NO2)2
hMOF-3000094.cif,Zn2H33C50(NO4)2
hMOF-5025659.cif,Zn4H15C36N4Cl17O13
hMOF-5049542.cif,ZnH11C12NO5
hMOF-5052601.cif,Zn2H68C70N6O19
hMOF-5017637.cif,Zn4H56C47O20
hMOF-5016836.cif,Zn4H9C38O13F5
hMOF-5028664.cif,Zn4H18C68N2Cl14O17
hMOF-22252.cif,Zn2H5C14N2Cl3O8
hMOF-5043947.cif,ZnH6C13NO4
hMOF-5055603.cif,ZnH8C20(NO3)2
hMOF-13835.cif,Zn4H32C42O13
hMOF-6105.cif,Zn4H18C24N6O13
hMOF-5044919.cif,ZnH5C15Br5(NO2)2
hMOF-12227.cif,Zn4H26(C11O6)3
hMOF-9888.cif,Zn4H5C24O13F9
hMOF-7003265.cif,Zr3H62C78(NO17)2
hMOF-5066837.cif,CuH10C9NO4
hMOF-28913.cif,CuH6C19N(O2F3)2
hMOF-5026117.cif,Zn4H68C116N4O13
hMOF-2000624.cif,Cu6H22C53O29
hMOF-6005130.cif,V2H32C76N4O31
hMOF-3001951.cif,Cu8H17C42N8O32F15
hMOF-25247.cif,ZnH36C34NO4
hMOF-6004893.cif,V4H33C50N13O24
hMOF-5071856.cif,Cu2H13C38N6O8F9
hMOF-5047611.cif,Zn2H7C45N13O8
hMOF-18799.cif,Zn2H16C36N2O15
hMOF-5029526.cif,Zn4H114C93(NO16)2
hMOF-24645.cif,ZnH22C27NO4
hMOF-5075244.cif,CuH13C17NO4
hMOF-5068614.cif,Cu2H17C42N2O8F11
hMOF-5069393.cif,Cu2H11C34N2O8F11
hMOF-5012237.cif,Zn4H11C26O13F9
hMOF-5024700.cif,Zn4H14C58N14O13
hMOF-5010171.cif,Zn4H29C22N9O13
hMOF-30017.cif,CuH14C18N7O4
hMOF-5013441.cif,Zn4H92C118O13
hMOF-5002807.cif,Zn4H13C42O13F11
hMOF-5007691.cif,Zn4H4C24Br2O13
hMOF-5053278.cif,Zn2H19C40N6Cl13O8
hMOF-5015347.cif,Zn4H16C50Cl10O13
hMOF-5063660.cif,Cu2H13C32Br5(NO4)2
hMOF-5068017.cif,CuH7C21NO4F7
hMOF-31740.cif,CuH3C5BrNO4
hMOF-5047775.cif,ZnH5C23N(O2F3)2
hMOF-1002311.cif,VH3C8O5
hMOF-8417.cif,Zn4H11C61(NO)13
hMOF-6733.cif,Zn4H16(C2O)13
hMOF-5054857.cif,Zn2H150C137(N2O5)4
hMOF-6447.cif,Zn4H28C24O13
hMOF-5012531.cif,Zn4H44C40N14O13
hMOF-4715.cif,Zn4H11C32Cl7O13
hMOF-6000012.cif,VH2C7O5
hMOF-5034600.cif,ZnH26C24N3O7
hMOF-6000665.cif,V2H3C16ClO10
hMOF-33998.cif,CuH15C14NO4
hMOF-5069857.cif,CuH11C17N3O4
hMOF-5022067.cif,Zn4H15C36O13F19
hMOF-5003988.cif,Zn4H16C34N2O17
hMOF-6004878.cif,V2H34C38N13O12
hMOF-5044525.cif,ZnH20C23(N3O2)2
hMOF-6004068.cif,V2H11C22NO10
hMOF-5047641.cif,Zn2H11C42N2O8F11
hMOF-5038134.cif,ZnC9NO4
hMOF-3001964.cif,Cu8H21C42Br11(NO4)8
hMOF-6004649.cif,VH6C11N4O5
hMOF-5068206.cif,Cu2H13C53N21O8
hMOF-5062978.cif,Cu2H7C36N2Cl9O8
hMOF-5042200.cif,ZnH24C17NO7
hMOF-5052136.cif,Zn2H11C44N14O8F13
hMOF-5033039.cif,Zn4H21C85(NO)17
hMOF-5008485.cif,Zn4H3C22BrO13
hMOF-5038969.cif,Zn2H8C15N2O9
hMOF-1001666.cif,V2H5C16(O5F2)2
hMOF-25268.cif,ZnH6C28N7O4
hMOF-5054210.cif,ZnH12C28N17O8
hMOF-4449.cif,Zn4H60C100O13
hMOF-5082632.cif,CuH4C31(N4O3)2
hMOF-5060582.cif,CuH8C17NO8
hMOF-5005799.cif,Zn4C20O13
hMOF-5020974.cif,Zn4H9C37N9O13
hMOF-5052869.cif,Zn2H9C36Br7(N5O4)2
hMOF-5023118.cif,Zn4H22C42N8O23
hMOF-1001517.cif,VH12C10O7
hMOF-21468.cif,Zn2H20C30N2O17
hMOF-5026435.cif,Zn4H35C48N23O13
hMOF-5007397.cif,Zn4H24C27O13
hMOF-5014459.cif,Zn2H11C19(NO5)2
hMOF-5045023.cif,ZnH11C16NO4
hMOF-1000965.cif,VHC10N2O5
hMOF-30135.cif,CuH32C31(NO2)2
hMOF-24271.cif,ZnH4C13N(ClO)4
hMOF-5034032.cif,ZnC6NO4
hMOF-29828.cif,Cu2H7C43N17O8
hMOF-12204.cif,Zn4H40C64O13
hMOF-5042830.cif,ZnH14C21NO4
hMOF-5057928.cif,Zn2H23C110N8(Cl5O4)5
hMOF-5069585.cif,CuHC7Br2NO4
hMOF-14960.cif,Zn4H64C74O13
hMOF-5049360.cif,Zn2H43C44N19O8
hMOF-28673.cif,Cu2H5C32N2O8F7
hMOF-5079199.cif,CuH14C26(NO3)4
hMOF-7003069.cif,Zr6H66C124N4O79
hMOF-9915.cif,Zn4H28C31O13
hMOF-5038125.cif,ZnC8NO4
hMOF-5040468.cif,Zn2HC16N2ClO8
hMOF-5077697.cif,Cu2H38C43N6O13
hMOF-5000143.cif,ZnH5C7O4
hMOF-1001035.cif,V2H3C9NO10
hMOF-20786.cif,ZnH4C11Br4NO4
hMOF-5047762.cif,Zn2H64C63N2O15
hMOF-5018153.cif,Zn4H66C68O13
hMOF-5078663.cif,Cu2H72C74N4O23
hMOF-5032457.cif,Zn4H36C62N2O17
hMOF-5056027.cif,ZnH34C37(NO3)2
hMOF-23795.cif,ZnH25C25NO4
hMOF-5064038.cif,CuHC6NO4
hMOF-1764.cif,Zn4H21C32N5O13
hMOF-5026971.cif,Zn4H80C76N2O17
hMOF-33943.cif,CuH9C14NO4
hMOF-24939.cif,ZnH7C21NO4F5
hMOF-5063079.cif,CuH6C25Br6NO4
hMOF-32692.cif,CuH18C13NO4
hMOF-5010837.cif,Zn4H54C47O13
hMOF-5044702.cif,ZnH4C15NCl3O4
hMOF-5010330.cif,Zn4H48C46O25
hMOF-5035476.cif,ZnH26C26NO4
hMOF-21590.cif,Zn2H16C22N2O17
hMOF-5031903.cif,Zn2H16C35NO19
hMOF-28366.cif,CuH10C18NO9
hMOF-7002806.cif,Zr3H65C68NO18
hMOF-6000314.cif,V2H8C22O15
hMOF-5052244.cif,ZnH12C22N19O4
hMOF-5014126.cif,Zn4H7C34Cl7O13
hMOF-5045305.cif,ZnH12C15(NO)4
hMOF-5032477.cif,Zn4H22C48O13
hMOF-5043236.cif,ZnH5C9NCl3O4
hMOF-6001579.cif,VH8C11O5
hMOF-5044112.cif,ZnH4C13N(OF)4
hMOF-5077019.cif,CuH8C20Br3N5O4
hMOF-5056881.cif,Zn2H13C69(N5O4)3
hMOF-5334.cif,Zn4H11C32Br7N4O13
hMOF-5005445.cif,Zn4H16C44N14O13
hMOF-5026596.cif,Zn4H44C56N2O17
hMOF-22826.cif,ZnH13C15NO4
hMOF-5036001.cif,Zn2H5C39N9O8
hMOF-5050824.cif,Zn2H50C54N2O15
hMOF-5051319.cif,ZnHC10Br3N3O4
hMOF-5000239.cif,Zn4H64C58O13
hMOF-5019101.cif,Zn4H8C42N6O13
hMOF-5055800.cif,ZnH9C33N3O8F9
hMOF-23819.cif,ZnH8C24NO4F7
hMOF-31330.cif,CuH4C9NCl3O4
hMOF-5030330.cif,Zn4H32C66N2O17
hMOF-5017157.cif,Zn4H13C51N7O13
hMOF-36670.cif,Cu2H102C81(N2O7)3
hMOF-6001533.cif,VHC6O5
hMOF-6004425.cif,V2H35C31(NO5)2
hMOF-3001643.cif,Cu4H13C29N4O16F11
hMOF-4355.cif,Zn4H8C56N16O13
hMOF-15077.cif,Zn2H28C30O11
hMOF-841.cif,Zn4H22C60Cl14O13
hMOF-5053014.cif,ZnH4C14(N2O)4
hMOF-5013813.cif,Zn4H30C50O13
hMOF-5047082.cif,ZnH31C26NO4
hMOF-6000269.cif,VH2(C3O2)3
hMOF-5066553.cif,CuH6C16NO8
hMOF-23103.cif,ZnH4C8(NO2)2
hMOF-5005044.cif,Zn4H32C62O13
hMOF-5038879.cif,ZnHC6NO4
hMOF-5062547.cif,CuC10NO4
hMOF-3001934.cif,Cu4H44C39N4O23
hMOF-5063119.cif,Cu2H16C40N2O17
hMOF-5049579.cif,Zn2H13C44Br17(NO4)2
hMOF-5024348.cif,Zn4H40C65N4O13
hMOF-21002.cif,Zn2H12C26N2O13
hMOF-7194.cif,Zn4H26C37O13
hMOF-7002491.cif,Zr6H108C137N4O63
hMOF-5051609.cif,ZnH7C22N5Cl5O4
hMOF-5056846.cif,ZnH30C38(NO3)2
hMOF-5018191.cif,Zn4H42C56O23
hMOF-5015040.cif,Zn4H13C32Br5O13
hMOF-5057908.cif,Zn2H9C50N4O12F11
hMOF-37439.cif,CuH17C19N9O4
hMOF-5011321.cif,Zn4H21C54Cl15O13
hMOF-25579.cif,ZnH3C15NO4F5
hMOF-15609.cif,Zn4H34C60O31
hMOF-5025625.cif,Zn4H24C33O16
hMOF-5016392.cif,Zn4H54C90O13
hMOF-5005664.cif,Zn4C20O13
hMOF-5014952.cif,Zn4H34C42O13
hMOF-5006012.cif,Zn4H7C30Cl5O13
hMOF-5023617.cif,Zn2H12C24N4O15
hMOF-5055905.cif,Zn2H13C44N4Cl11O12
hMOF-5064747.cif,CuH3C8N(O2F)2
hMOF-25804.cif,Zn2H35C34N17O8
hMOF-33972.cif,CuH3C10N(OF)4
hMOF-5006308.cif,Zn4H40C41O13
hMOF-1001653.cif,VC2O5
